{"Version":"1.0","RfcContribuyente":"MAC900630TN0","RfcRepresentanteLegal":"GAFA690805H25","RfcProveedor":"IPC170427K40","Caracter":"usuario","ClaveInstalacion":"ACO-0010","DescripcionInstalacion":"G-4 - Planta Chalco - Consumo directo de medidor","InstalacionAlmacenGasNatural":"G-4 - Planta Chalco - Consumo directo de medidor","NumeroPozos":0,"NumeroTanques":0,"NumeroDuctosEntradaSalida":1,"NumeroDuctosTransporteDistribucion":0,"NumeroDispensarios":0,"FechaYHoraReporteMes":"2025-02-25T17:14:13-06:00","Producto":[{"ClaveProducto":"PR09","ClaveSubProducto":"SP28","ReporteDeVolumenMensual":{"Recepciones":{"TotalRecepcionesMes":4,"TotalDocumentosMes":4,"ImporteTotalRecepcionesMensual":6741195.504,"SumaVolumenRecepcionMes":{"ValorNumerico":1333824.87,"UnidadDeMedida":"UM04"},"Complemento":[{"TipoComplemento":"CDLR","Nacional":[{"RfcCliente":"NGN120221H35","NombreCliente":"NEOMEXICANA DE GNC","CFDIs":[{"Cfdi":"FA37500B-A3A0-4034-922B-9368A7940F7A","TipoCfdi":"Ingreso","FechaYHoraTransaccion":"2024-02-08T11:30:40-06:00","VolumenDocumentado":{"ValorNumerico":0,"UnidadDeMedida":"UM04"},"Contraprestacion":1414670.422},{"Cfdi":"62449A7A-E98D-419E-906D-8252DE1719E5","TipoCfdi":"Ingreso","FechaYHoraTransaccion":"2024-02-08T11:27:06-06:00","VolumenDocumentado":{"ValorNumerico":727779.52,"UnidadDeMedida":"UM04"},"Contraprestacion":0},{"Cfdi":"A681BD40-9B4E-4A6C-B3CA-D1DBD6DED860","TipoCfdi":"Ingreso","FechaYHoraTransaccion":"2024-01-22T12:21:00-06:00","VolumenDocumentado":{"ValorNumerico":0,"UnidadDeMedida":"UM04"},"Contraprestacion":1189368.472},{"Cfdi":"CCA3D6A2-5435-406B-9AE4-73D994A83732","TipoCfdi":"Ingreso","FechaYHoraTransaccion":"2024-01-22T12:19:13-06:00","VolumenDocumentado":{"ValorNumerico":606045.35,"UnidadDeMedida":"UM04"},"Contraprestacion":0}]}]}],"PoderCalorifico":{"ValorNumerico":36.707,"UnidadDeMedida":"UM06"}},"Entregas":{"TotalEntregasMes":0,"TotalDocumentosMes":0,"ImporteTotalEntregasMes":0,"SumaVolumenEntregadoMes":{"ValorNumerico":0,"UnidadDeMedida":"UM04"},"PoderCalorifico":{"ValorNumerico":0,"UnidadDeMedida":"UM06"},"Complemento":[{"TipoComplemento":"CDLR","Nacional":[{"RfcCliente":"MAC900630TN0","NombreCliente":"MOLINOS AZTECA DE CHALCO"}]}]}}}],"BitacoraMensual":[{"NumeroRegistro":10,"FechaYHoraEvento":"2024-01-10T09:00:00-06:00","UsuarioResponsable":"Juan Rojas","TipoEvento":5,"DescripcionEvento":"Supervisión"}]}